Date,PM2.5,PM10,NO2,CO,Temperature,Humidity,WindSpeed,Pollution_Level
2023-01-01 00:00:00,94.9,157.53,37.26,0.58,28.93,47.05,6.01,High
2023-01-01 01:00:00,75.85,99.36,60.62,0.85,30.13,59.53,4.89,Moderate
2023-01-01 02:00:00,99.43,123.84,30.31,0.64,29.11,60.27,2.21,High
2023-01-01 03:00:00,125.69,101.51,28.01,0.72,34.39,67.09,3.58,High
2023-01-01 04:00:00,72.98,102.62,32.76,1.3,23.24,39.5,4.47,Moderate
2023-01-01 05:00:00,72.98,107.63,25.7,1.2,24.62,68.89,1.81,Moderate
2023-01-01 06:00:00,127.38,128.89,41.84,0.41,24.14,19.43,3.52,High
2023-01-01 07:00:00,103.02,100.85,64.37,1.05,32.15,50.55,6.3,High
2023-01-01 08:00:00,65.92,170.23,44.85,1.04,32.5,52.68,7.85,Moderate
2023-01-01 09:00:00,96.28,84.22,36.21,0.46,30.26,69.5,4.16,High
2023-01-01 10:00:00,66.1,112.53,35.62,1.05,33.92,60.34,6.51,Moderate
2023-01-01 11:00:00,66.03,102.41,16.55,1.26,22.11,38.92,1.17,Moderate
2023-01-01 12:00:00,87.26,177.88,53.25,0.46,36.34,45.23,6.32,Moderate
2023-01-01 13:00:00,22.6,127.86,38.83,0.52,35.62,62.98,3.39,Low
2023-01-01 14:00:00,28.25,161.27,37.29,1.11,31.68,58.81,5.61,Low
2023-01-01 15:00:00,63.13,60.58,87.9,0.88,36.91,51.31,4.5,Moderate
2023-01-01 16:00:00,49.62,130.68,44.48,0.97,19.72,52.79,7.64,Moderate
2023-01-01 17:00:00,89.43,155.59,28.72,0.9,25.38,70.44,3.25,Moderate
2023-01-01 18:00:00,52.76,123.29,33.6,0.92,24.32,52.23,6.26,Moderate
2023-01-01 19:00:00,37.63,162.62,57.23,0.4,31.61,58.68,4.44,Moderate
2023-01-01 20:00:00,123.97,99.31,41.7,1.11,22.75,92.55,4.68,High
2023-01-01 21:00:00,73.23,176.37,18.43,1.15,31.79,38.64,4.63,Moderate
2023-01-01 22:00:00,82.03,211.96,53.79,0.73,34.85,32.22,3.31,Moderate
2023-01-01 23:00:00,37.26,105.49,29.98,0.79,31.48,71.75,4.97,Moderate
2023-01-02 00:00:00,63.67,102.18,68.1,0.34,29.42,49.82,4.87,Moderate
2023-01-02 01:00:00,83.33,178.14,56.2,0.95,23.06,55.23,5.48,Moderate
2023-01-02 02:00:00,45.47,183.18,33.29,0.97,23.77,48.28,5.17,Moderate
2023-01-02 03:00:00,91.27,99.09,59.22,0.78,34.25,56.1,6.6,High
2023-01-02 04:00:00,61.98,103.19,41.02,1.14,31.9,83.98,6.85,Moderate
2023-01-02 05:00:00,71.25,108.73,52.79,0.7,27.8,72.03,2.9,Moderate
2023-01-02 06:00:00,61.95,66.22,47.27,0.97,25.91,72.93,6.74,Moderate
2023-01-02 07:00:00,135.57,83.25,27.3,0.49,17.87,38.76,2.63,High
2023-01-02 08:00:00,79.6,79.83,30.35,0.79,22.65,42.73,6.18,Moderate
2023-01-02 09:00:00,48.27,89.29,55.45,0.75,37.56,17.41,6.24,Moderate
2023-01-02 10:00:00,104.68,118.61,34.98,0.87,21.6,47.86,1.18,High
2023-01-02 11:00:00,43.37,129.37,33.95,0.69,28.95,74.35,5.19,Moderate
2023-01-02 12:00:00,86.27,182.02,25.67,0.76,33.04,67.75,4.06,Moderate
2023-01-02 13:00:00,21.21,80.07,46.35,1.05,21.73,56.68,3.48,Low
2023-01-02 14:00:00,40.15,159.37,70.94,0.67,28.92,59.67,7.7,Moderate
2023-01-02 15:00:00,85.91,111.44,23.99,0.32,32.69,49.67,3.69,Moderate
2023-01-02 16:00:00,102.15,118.02,40.36,1.32,28.06,63.07,3.39,High
2023-01-02 17:00:00,85.14,146.99,61.18,1.21,42.34,71.49,5.15,Moderate
2023-01-02 18:00:00,76.53,75.09,38.81,0.41,19.66,35.76,6.37,Moderate
2023-01-02 19:00:00,70.97,135.3,46.79,1.01,33.29,64.49,4.72,Moderate
2023-01-02 20:00:00,35.64,126.66,24.06,0.65,27.14,73.99,7.33,Moderate
2023-01-02 21:00:00,58.4,139.7,46.42,0.88,31.86,53.77,6.06,Moderate
2023-01-02 22:00:00,66.18,131.57,37.19,0.89,30.21,70.51,0.64,Moderate
2023-01-02 23:00:00,111.71,218.21,54.79,0.73,24.33,100.0,3.94,High
2023-01-03 00:00:00,90.31,94.49,57.81,0.56,29.14,58.43,3.88,High
2023-01-03 01:00:00,27.11,98.76,78.84,0.59,18.71,65.9,5.96,Low
2023-01-03 02:00:00,89.72,95.07,48.69,0.53,31.02,48.93,0.5,Moderate
2023-01-03 03:00:00,68.45,97.78,44.89,0.55,29.49,62.72,10.1,Moderate
2023-01-03 04:00:00,59.69,94.5,42.92,0.78,31.19,66.9,6.06,Moderate
2023-01-03 05:00:00,98.35,167.56,34.7,0.59,33.29,62.92,5.3,High
2023-01-03 06:00:00,110.93,176.82,45.08,1.0,29.84,44.7,7.36,High
2023-01-03 07:00:00,107.94,97.17,35.57,1.25,28.74,63.1,9.69,High
2023-01-03 08:00:00,54.82,86.71,42.53,0.63,23.59,81.93,6.74,Moderate
2023-01-03 09:00:00,70.72,138.86,59.76,0.87,24.44,66.73,6.9,Moderate
2023-01-03 10:00:00,89.94,97.91,24.9,0.95,33.93,74.43,5.26,Moderate
2023-01-03 11:00:00,109.27,145.32,57.1,0.94,35.18,56.44,4.72,High
2023-01-03 12:00:00,65.62,128.12,59.76,0.82,26.81,71.25,4.05,Moderate
2023-01-03 13:00:00,74.43,59.37,38.23,1.02,28.23,64.19,3.35,Moderate
2023-01-03 14:00:00,46.81,181.9,8.17,0.94,23.48,45.74,3.63,Moderate
2023-01-03 15:00:00,44.11,191.84,30.88,0.43,33.86,64.78,2.3,Moderate
2023-01-03 16:00:00,104.38,95.49,59.45,1.06,31.33,45.12,4.85,High
2023-01-03 17:00:00,120.69,104.49,39.66,1.07,37.71,50.51,1.63,High
2023-01-03 18:00:00,77.84,131.43,25.01,0.57,23.61,62.84,5.38,Moderate
2023-01-03 19:00:00,110.11,133.38,32.43,0.81,26.11,64.46,4.93,High
2023-01-03 20:00:00,90.85,146.34,52.61,1.0,29.16,42.16,5.29,High
2023-01-03 21:00:00,60.65,200.41,48.2,0.74,31.23,75.81,3.96,Moderate
2023-01-03 22:00:00,90.84,112.92,36.42,1.12,26.92,68.58,11.15,High
2023-01-03 23:00:00,126.14,88.07,34.5,1.51,23.64,49.43,7.72,High
2023-01-04 00:00:00,78.93,64.83,34.12,0.56,32.41,36.94,2.51,Moderate
2023-01-04 01:00:00,126.94,90.76,26.16,0.39,31.61,57.83,5.47,High
2023-01-04 02:00:00,5.0,118.67,64.23,0.89,23.42,53.31,3.78,Low
2023-01-04 03:00:00,104.66,191.78,35.17,1.02,34.78,61.7,2.97,High
2023-01-04 04:00:00,82.61,99.3,58.26,0.73,33.85,54.55,2.32,Moderate
2023-01-04 05:00:00,71.03,128.95,62.82,1.24,28.67,29.89,5.86,Moderate
2023-01-04 06:00:00,82.75,119.34,54.97,0.4,28.4,54.17,3.64,Moderate
2023-01-04 07:00:00,20.37,167.54,33.53,1.01,30.77,55.42,6.94,Low
2023-01-04 08:00:00,73.41,221.08,46.06,0.62,23.69,69.5,6.99,Moderate
2023-01-04 09:00:00,90.71,98.77,39.64,1.32,28.15,49.53,7.75,High
2023-01-04 10:00:00,124.34,100.42,26.44,1.4,17.24,85.18,3.3,High
2023-01-04 11:00:00,64.45,161.77,44.87,0.57,32.38,31.33,5.95,Moderate
2023-01-04 12:00:00,55.75,147.28,22.31,0.64,20.19,79.67,6.26,Moderate
2023-01-04 13:00:00,64.95,193.87,57.82,1.06,35.52,56.64,4.05,Moderate
2023-01-04 14:00:00,107.46,143.36,33.03,0.68,26.35,72.89,3.46,High
2023-01-04 15:00:00,89.86,105.63,43.02,0.79,26.94,61.2,8.22,Moderate
2023-01-04 16:00:00,64.11,143.63,44.25,0.81,24.86,77.09,5.45,Moderate
2023-01-04 17:00:00,95.4,164.35,36.12,0.22,26.56,54.19,6.27,High
2023-01-04 18:00:00,82.91,152.82,48.8,0.8,35.09,43.52,3.36,Moderate
2023-01-04 19:00:00,109.06,140.29,32.88,0.59,15.56,81.31,2.56,High
2023-01-04 20:00:00,58.94,162.67,53.07,0.65,34.38,58.3,3.86,Moderate
2023-01-04 21:00:00,70.17,166.77,19.81,1.23,29.69,63.32,4.75,Moderate
2023-01-04 22:00:00,68.24,175.29,41.9,0.42,21.96,78.52,2.87,Moderate
2023-01-04 23:00:00,36.09,145.95,69.08,1.04,22.62,44.52,4.98,Moderate
2023-01-05 00:00:00,88.88,113.32,25.0,0.72,36.38,68.93,1.62,Moderate
2023-01-05 01:00:00,87.83,125.87,29.83,0.72,23.27,51.15,2.76,Moderate
2023-01-05 02:00:00,80.15,168.26,47.71,1.04,22.23,58.02,6.34,Moderate
2023-01-05 03:00:00,72.96,87.32,42.69,0.9,33.69,61.08,6.21,Moderate
2023-01-05 04:00:00,37.54,134.75,45.26,0.97,29.69,37.5,4.22,Moderate
2023-01-05 05:00:00,67.38,104.27,47.34,1.09,23.31,48.32,2.96,Moderate
2023-01-05 06:00:00,69.72,121.15,49.52,0.7,29.08,80.27,2.95,Moderate
2023-01-05 07:00:00,55.93,171.14,56.65,0.62,22.87,73.29,4.25,Moderate
2023-01-05 08:00:00,75.16,127.64,46.15,0.47,33.5,59.06,6.29,Moderate
2023-01-05 09:00:00,92.12,121.86,36.38,0.55,33.31,63.65,6.86,High
2023-01-05 10:00:00,136.59,65.61,50.09,1.68,30.66,55.59,4.01,High
2023-01-05 11:00:00,85.24,149.85,68.5,1.17,29.81,80.35,2.69,Moderate
2023-01-05 12:00:00,87.73,145.82,38.01,0.39,36.81,56.99,5.54,Moderate
2023-01-05 13:00:00,77.77,206.53,25.38,0.4,28.0,63.48,3.35,Moderate
2023-01-05 14:00:00,22.44,107.69,56.61,0.94,22.09,77.19,3.96,Low
2023-01-05 15:00:00,79.2,128.77,38.19,0.96,30.25,48.34,7.65,Moderate
2023-01-05 16:00:00,81.81,129.98,7.41,0.96,38.43,83.38,6.65,Moderate
2023-01-05 17:00:00,153.9,183.1,52.71,0.72,22.93,37.04,5.32,High
2023-01-05 18:00:00,74.23,116.19,31.97,0.76,26.19,84.44,2.46,Moderate
2023-01-05 19:00:00,89.05,131.16,38.64,0.9,30.08,54.41,5.42,Moderate
2023-01-05 20:00:00,78.96,144.32,44.98,0.83,27.73,56.36,7.13,Moderate
2023-01-05 21:00:00,44.94,127.46,42.86,0.13,23.09,31.65,4.25,Moderate
2023-01-05 22:00:00,114.28,102.14,50.64,0.73,33.61,53.18,7.7,High
2023-01-05 23:00:00,102.56,127.76,33.47,0.54,39.6,44.4,7.59,High
2023-01-06 00:00:00,103.73,162.95,47.7,0.85,28.98,50.89,8.33,High
2023-01-06 01:00:00,52.72,78.94,36.11,1.7,23.48,57.94,5.61,Moderate
2023-01-06 02:00:00,122.08,125.32,51.08,0.91,20.26,74.37,6.17,High
2023-01-06 03:00:00,37.94,92.0,49.23,0.71,29.29,63.11,7.83,Moderate
2023-01-06 04:00:00,97.61,167.8,25.97,1.08,33.52,64.62,5.89,High
2023-01-06 05:00:00,145.71,59.07,56.29,0.94,30.38,43.57,4.0,High
2023-01-06 06:00:00,50.28,97.64,31.96,0.93,27.99,46.79,4.1,Moderate
2023-01-06 07:00:00,63.01,135.09,52.12,0.98,25.05,86.98,5.48,Moderate
2023-01-06 08:00:00,82.99,182.62,45.51,1.42,22.54,48.97,2.42,Moderate
2023-01-06 09:00:00,64.9,117.37,67.57,0.46,32.17,84.84,4.71,Moderate
2023-01-06 10:00:00,33.48,97.79,36.65,0.94,32.57,56.35,7.19,Low
2023-01-06 11:00:00,82.06,195.25,34.76,0.52,20.27,60.03,0.62,Moderate
2023-01-06 12:00:00,48.13,62.08,39.71,0.97,35.95,76.06,8.07,Moderate
2023-01-06 13:00:00,94.21,32.05,35.45,0.52,30.87,79.08,7.24,High
2023-01-06 14:00:00,52.42,137.6,52.0,0.67,35.0,58.34,4.08,Moderate
2023-01-06 15:00:00,126.5,99.92,15.76,0.71,21.29,54.18,6.09,High
2023-01-06 16:00:00,56.5,79.15,24.19,1.09,21.17,59.16,5.01,Moderate
2023-01-06 17:00:00,70.34,148.33,23.98,1.08,27.26,65.07,7.46,Moderate
2023-01-06 18:00:00,104.41,129.75,54.25,0.43,30.51,73.37,6.97,High
2023-01-06 19:00:00,43.07,97.44,65.66,0.82,36.98,60.06,2.2,Moderate
2023-01-06 20:00:00,86.82,68.79,38.43,0.59,31.53,69.28,6.17,Moderate
2023-01-06 21:00:00,119.21,154.9,37.47,0.42,26.79,84.58,4.59,High
2023-01-06 22:00:00,31.78,146.01,41.05,0.73,22.87,65.72,5.17,Low
2023-01-06 23:00:00,85.54,116.03,57.43,0.71,34.15,64.67,3.54,Moderate
2023-01-07 00:00:00,87.8,193.87,26.09,1.53,23.18,37.22,8.5,Moderate
2023-01-07 01:00:00,103.45,77.2,43.58,0.93,36.14,20.54,7.08,High
2023-01-07 02:00:00,42.89,58.98,54.63,0.39,26.58,65.83,3.52,Moderate
2023-01-07 03:00:00,40.39,92.32,47.52,0.63,35.95,58.58,2.33,Moderate
2023-01-07 04:00:00,95.66,118.18,42.84,1.11,31.39,52.28,4.23,High
2023-01-07 05:00:00,88.91,129.73,55.02,1.43,27.32,63.65,5.87,Moderate
2023-01-07 06:00:00,87.51,110.35,5.0,0.32,25.4,59.09,5.48,Moderate
2023-01-07 07:00:00,90.39,134.08,50.17,0.24,26.3,76.92,7.51,High
2023-01-07 08:00:00,59.6,69.94,30.19,1.36,30.14,61.29,6.58,Moderate
2023-01-07 09:00:00,86.97,177.75,12.54,0.92,28.39,48.8,6.94,Moderate
2023-01-07 10:00:00,88.79,116.71,47.67,0.54,25.03,74.85,5.65,Moderate
2023-01-07 11:00:00,58.57,164.69,60.6,0.96,27.17,56.74,2.22,Moderate
2023-01-07 12:00:00,135.97,133.71,37.94,0.1,28.39,67.9,4.61,High
2023-01-07 13:00:00,94.21,138.27,54.29,0.8,17.36,52.84,7.12,High
2023-01-07 14:00:00,44.26,142.79,64.18,0.9,30.29,50.25,4.9,Moderate
2023-01-07 15:00:00,99.7,137.91,59.72,1.08,23.1,61.26,6.01,High
2023-01-07 16:00:00,50.76,145.71,64.6,0.5,22.23,60.19,4.36,Moderate
2023-01-07 17:00:00,103.61,173.17,51.13,0.83,19.56,67.2,2.94,High
2023-01-07 18:00:00,114.76,127.86,41.13,0.52,19.03,55.97,4.75,High
2023-01-07 19:00:00,55.38,148.36,15.97,0.88,21.22,32.45,5.62,Moderate
2023-01-07 20:00:00,108.9,116.41,36.31,0.53,24.45,53.51,3.69,High
2023-01-07 21:00:00,92.38,177.6,27.35,0.68,37.77,71.91,4.53,High
2023-01-07 22:00:00,104.66,92.94,72.56,0.5,25.37,55.54,3.12,High
2023-01-07 23:00:00,136.9,192.04,37.36,1.0,28.89,56.3,7.24,High
2023-01-08 00:00:00,72.64,118.39,41.85,1.06,30.0,74.8,4.41,Moderate
2023-01-08 01:00:00,57.39,62.77,48.27,0.73,28.66,49.32,7.91,Moderate
2023-01-08 02:00:00,53.31,125.12,40.65,0.81,27.61,36.86,8.06,Moderate
2023-01-08 03:00:00,55.53,92.76,65.43,0.37,22.02,57.59,4.84,Moderate
2023-01-08 04:00:00,77.69,153.63,30.66,0.71,35.25,52.74,2.98,Moderate
2023-01-08 05:00:00,90.23,93.9,42.92,0.78,37.04,45.51,0.83,High
2023-01-08 06:00:00,88.3,102.15,28.86,1.59,19.59,57.37,2.06,Moderate
2023-01-08 07:00:00,104.82,44.42,20.2,0.47,22.88,67.37,2.25,High
2023-01-08 08:00:00,80.39,101.91,30.82,1.24,26.6,59.86,7.76,Moderate
2023-01-08 09:00:00,123.61,23.04,39.44,1.1,23.18,64.6,5.23,High
2023-01-08 10:00:00,72.06,56.64,33.56,0.88,30.53,87.2,5.78,Moderate
2023-01-08 11:00:00,161.61,150.42,29.61,1.33,24.36,54.86,0.56,High
2023-01-08 12:00:00,98.77,151.43,18.91,0.91,38.83,64.18,2.6,High
2023-01-08 13:00:00,54.29,137.02,38.75,0.92,33.95,52.36,6.77,Moderate
2023-01-08 14:00:00,47.87,81.32,17.43,0.78,29.06,47.3,5.57,Moderate
2023-01-08 15:00:00,94.47,118.09,51.4,1.17,33.13,51.23,4.71,High
2023-01-08 16:00:00,73.3,119.86,41.24,1.13,33.53,52.82,6.13,Moderate
2023-01-08 17:00:00,101.42,73.67,18.14,0.61,25.18,65.39,8.27,High
2023-01-08 18:00:00,94.2,180.14,35.36,0.4,23.92,95.24,4.56,High
2023-01-08 19:00:00,77.82,155.09,28.72,0.74,28.39,49.26,5.14,Moderate
2023-01-08 20:00:00,54.6,111.16,44.79,0.56,32.31,53.75,5.39,Moderate
2023-01-08 21:00:00,34.55,121.08,60.11,0.78,28.7,59.05,9.78,Low
2023-01-08 22:00:00,66.6,128.34,11.87,1.17,20.12,65.94,0.8,Moderate
2023-01-08 23:00:00,105.69,38.33,41.73,0.66,23.99,63.95,6.37,High
2023-01-09 00:00:00,86.42,110.11,37.6,0.79,27.63,79.26,4.77,Moderate
2023-01-09 01:00:00,42.63,92.72,50.07,0.82,27.62,23.6,6.13,Moderate
2023-01-09 02:00:00,85.2,79.94,43.2,1.05,37.86,24.2,3.69,Moderate
2023-01-09 03:00:00,91.56,108.76,28.72,0.13,21.07,52.56,4.9,High
2023-01-09 04:00:00,53.48,191.91,35.21,0.62,30.53,76.46,6.42,Moderate
2023-01-09 05:00:00,84.61,145.63,28.06,0.86,35.45,36.52,11.23,Moderate
2023-01-09 06:00:00,81.75,97.15,56.14,1.16,39.36,14.89,6.62,Moderate
2023-01-09 07:00:00,45.71,142.9,40.32,0.65,25.98,68.57,3.3,Moderate
2023-01-09 08:00:00,90.73,175.97,68.52,0.24,30.46,63.65,4.15,High
2023-01-09 09:00:00,96.82,156.99,39.09,0.99,30.85,43.65,4.09,High
2023-01-09 10:00:00,112.49,122.39,29.37,0.61,28.98,45.22,1.41,High
2023-01-09 11:00:00,111.61,94.12,17.29,0.44,27.51,45.45,4.34,High
2023-01-09 12:00:00,38.67,147.93,12.95,0.61,30.18,61.66,6.47,Moderate
2023-01-09 13:00:00,51.87,135.74,16.24,0.74,15.34,50.61,2.45,Moderate
2023-01-09 14:00:00,95.45,155.81,44.01,0.62,31.41,67.41,7.1,High
2023-01-09 15:00:00,95.41,145.41,47.63,0.14,28.63,17.18,5.98,High
2023-01-09 16:00:00,95.45,161.98,16.28,1.07,26.89,47.15,3.53,High
2023-01-09 17:00:00,195.58,98.59,53.43,1.18,38.23,43.11,4.72,High
2023-01-09 18:00:00,97.13,172.7,32.75,1.0,24.63,56.15,8.2,High
2023-01-09 19:00:00,114.07,127.9,42.2,0.46,25.98,51.93,6.47,High
2023-01-09 20:00:00,108.62,203.01,64.18,0.74,37.96,71.97,5.02,High
2023-01-09 21:00:00,99.54,92.43,53.45,0.8,23.84,32.11,4.52,High
2023-01-09 22:00:00,70.54,189.44,35.97,0.98,25.25,60.68,5.15,Moderate
2023-01-09 23:00:00,102.77,127.92,26.63,1.0,27.26,68.38,3.98,High
2023-01-10 00:00:00,56.82,93.94,7.72,0.58,32.2,87.85,0.79,Moderate
2023-01-10 01:00:00,72.9,100.64,29.21,0.82,29.04,52.77,9.08,Moderate
2023-01-10 02:00:00,65.44,107.19,36.83,0.94,21.54,64.87,5.31,Moderate
2023-01-10 03:00:00,82.46,136.97,25.19,1.24,25.34,32.94,5.8,Moderate
2023-01-10 04:00:00,149.44,140.91,38.03,1.01,24.96,24.12,4.88,High
2023-01-10 05:00:00,23.98,97.05,41.15,1.04,27.61,72.67,3.53,Low
2023-01-10 06:00:00,100.59,119.03,36.63,0.83,30.13,59.92,4.63,High
2023-01-10 07:00:00,31.62,205.69,30.25,1.22,30.09,77.68,1.8,Low
2023-01-10 08:00:00,65.84,189.1,42.53,0.92,19.12,39.4,9.55,Moderate
2023-01-10 09:00:00,112.67,137.45,46.63,0.54,33.32,67.8,2.53,High
2023-01-10 10:00:00,81.93,121.52,23.64,1.22,29.26,88.03,2.94,Moderate
2023-01-10 11:00:00,47.67,124.8,61.16,1.01,34.92,66.3,4.12,Moderate
2023-01-10 12:00:00,58.54,144.54,38.52,0.67,30.22,64.15,7.58,Moderate
2023-01-10 13:00:00,100.39,79.09,40.28,0.66,33.51,60.13,5.03,High
2023-01-10 14:00:00,58.09,109.7,50.62,0.89,30.33,36.44,2.53,Moderate
2023-01-10 15:00:00,86.49,53.26,43.5,0.94,34.73,80.33,7.51,Moderate
2023-01-10 16:00:00,81.37,135.97,54.3,0.86,30.61,50.84,6.46,Moderate
2023-01-10 17:00:00,60.45,145.89,44.31,0.89,27.51,67.57,6.08,Moderate
2023-01-10 18:00:00,144.32,100.67,30.81,1.31,39.36,36.55,6.43,High
2023-01-10 19:00:00,99.02,182.96,45.42,1.12,32.45,42.31,9.79,High
2023-01-10 20:00:00,19.25,70.97,22.84,0.86,30.87,81.53,9.37,Low
2023-01-10 21:00:00,85.59,61.43,41.63,1.08,21.62,54.79,3.63,Moderate
2023-01-10 22:00:00,60.15,128.98,39.5,0.49,21.56,81.8,8.25,Moderate
2023-01-10 23:00:00,105.57,161.88,36.88,0.92,29.46,58.83,5.77,High
2023-01-11 00:00:00,56.22,187.36,38.07,1.34,28.73,32.37,6.0,Moderate
2023-01-11 01:00:00,76.56,101.64,11.77,0.73,24.93,73.38,1.62,Moderate
2023-01-11 02:00:00,95.15,163.15,31.77,0.55,28.7,51.15,4.66,High
2023-01-11 03:00:00,105.97,118.46,41.39,0.6,35.94,70.48,3.37,High
2023-01-11 04:00:00,43.99,113.09,42.4,0.47,31.48,60.38,6.66,Moderate
2023-01-11 05:00:00,69.96,155.35,24.58,0.56,22.29,36.85,7.14,Moderate
2023-01-11 06:00:00,65.75,146.09,58.99,0.69,27.44,62.46,0.85,Moderate
2023-01-11 07:00:00,60.4,56.94,27.01,0.38,23.98,92.94,4.96,Moderate
2023-01-11 08:00:00,132.96,179.06,54.54,0.8,26.06,67.39,7.24,High
2023-01-11 09:00:00,92.15,175.2,46.41,1.07,25.93,59.14,4.63,High
2023-01-11 10:00:00,42.17,94.98,30.31,0.53,25.61,76.13,6.46,Moderate
2023-01-11 11:00:00,107.54,135.83,66.63,1.26,21.72,63.16,5.7,High
2023-01-11 12:00:00,143.66,139.76,22.1,0.95,27.36,63.14,5.68,High
2023-01-11 13:00:00,110.97,130.43,53.79,1.11,25.2,43.63,4.46,High
2023-01-11 14:00:00,34.42,97.99,55.01,0.6,13.35,63.51,2.57,Low
2023-01-11 15:00:00,65.47,93.14,29.94,1.06,38.26,75.53,2.76,Moderate
2023-01-11 16:00:00,118.01,118.98,60.89,0.47,33.44,47.46,6.42,High
2023-01-11 17:00:00,58.77,166.91,36.25,1.07,26.12,81.37,5.04,Moderate
2023-01-11 18:00:00,93.31,141.74,44.33,0.85,28.09,58.62,4.72,High
2023-01-11 19:00:00,103.24,105.18,43.9,0.97,22.14,46.68,4.15,High
2023-01-11 20:00:00,52.19,150.87,37.99,0.45,36.48,74.96,4.39,Moderate
2023-01-11 21:00:00,78.21,10.0,52.16,0.53,37.49,55.7,7.09,Moderate
2023-01-11 22:00:00,5.0,165.95,51.9,0.98,28.78,71.39,4.33,Low
2023-01-11 23:00:00,49.27,50.41,13.77,0.52,33.12,55.62,2.32,Moderate
2023-01-12 00:00:00,72.42,105.5,59.57,0.94,28.88,59.1,6.49,Moderate
2023-01-12 01:00:00,42.57,75.21,15.06,0.39,21.32,67.4,4.59,Moderate
2023-01-12 02:00:00,128.97,68.21,55.49,1.05,25.94,64.36,5.06,High
2023-01-12 03:00:00,37.1,166.43,56.9,0.43,28.66,30.07,8.22,Moderate
2023-01-12 04:00:00,66.8,101.29,23.64,0.97,25.73,43.18,4.96,Moderate
2023-01-12 05:00:00,83.92,133.86,33.84,0.99,26.91,73.94,5.58,Moderate
2023-01-12 06:00:00,123.24,118.12,23.41,0.59,27.54,58.02,2.64,High
2023-01-12 07:00:00,36.92,139.08,36.78,0.97,27.6,52.14,4.56,Moderate
2023-01-12 08:00:00,114.89,123.07,35.38,0.88,28.26,39.62,6.22,High
2023-01-12 09:00:00,80.31,68.68,51.69,0.64,22.7,43.8,1.89,Moderate
2023-01-12 10:00:00,50.55,159.85,59.65,0.5,24.41,29.67,5.4,Moderate
2023-01-12 11:00:00,93.86,100.25,60.94,0.21,21.58,58.48,5.2,High
2023-01-12 12:00:00,85.97,57.74,31.57,0.9,32.89,51.02,5.08,Moderate
2023-01-12 13:00:00,61.99,102.88,36.86,0.33,17.47,45.5,7.07,Moderate
2023-01-12 14:00:00,82.09,180.03,14.75,0.83,33.77,58.98,5.67,Moderate
2023-01-12 15:00:00,68.44,154.01,27.91,0.72,34.93,65.46,7.96,Moderate
2023-01-12 16:00:00,83.41,106.05,54.47,1.0,26.49,91.4,3.01,Moderate
2023-01-12 17:00:00,99.86,106.03,64.23,0.71,14.98,37.32,5.27,High
2023-01-12 18:00:00,127.58,107.13,21.48,0.7,26.19,77.39,5.17,High
2023-01-12 19:00:00,42.87,203.07,31.11,1.02,27.68,74.6,2.86,Moderate
2023-01-12 20:00:00,143.99,135.28,39.6,0.9,22.95,48.31,6.91,High
2023-01-12 21:00:00,21.44,137.2,44.2,0.89,25.42,63.05,9.65,Low
2023-01-12 22:00:00,75.45,161.21,27.86,0.94,35.65,53.14,4.97,Moderate
2023-01-12 23:00:00,97.65,129.55,46.36,0.34,31.32,62.79,6.01,High
2023-01-13 00:00:00,88.43,109.64,32.89,1.03,23.38,82.64,5.17,Moderate
2023-01-13 01:00:00,61.32,112.15,39.78,0.98,20.01,69.08,3.57,Moderate
2023-01-13 02:00:00,73.76,117.14,48.19,0.49,26.36,67.63,1.36,Moderate
2023-01-13 03:00:00,65.21,118.51,40.1,0.73,26.93,53.55,3.59,Moderate
2023-01-13 04:00:00,62.32,149.11,33.45,0.79,30.48,37.74,2.22,Moderate
2023-01-13 05:00:00,105.49,122.08,38.36,0.76,25.32,56.87,8.41,High
2023-01-13 06:00:00,90.71,149.31,38.67,0.9,30.56,78.1,4.77,High
2023-01-13 07:00:00,59.21,116.77,34.45,1.23,37.68,37.09,4.31,Moderate
2023-01-13 08:00:00,106.99,123.15,36.12,1.12,32.08,44.17,6.78,High
2023-01-13 09:00:00,89.22,40.07,63.98,0.41,27.76,61.89,2.76,Moderate
2023-01-13 10:00:00,104.39,156.65,48.41,0.99,27.08,45.23,3.47,High
2023-01-13 11:00:00,98.89,133.86,35.57,1.2,26.22,48.11,5.14,High
2023-01-13 12:00:00,55.13,159.92,50.45,0.92,33.9,53.65,7.06,Moderate
2023-01-13 13:00:00,63.19,10.0,34.99,1.13,24.86,39.52,6.0,Moderate
2023-01-13 14:00:00,102.42,203.53,57.6,1.4,28.23,45.39,5.5,High
2023-01-13 15:00:00,98.31,114.42,45.54,1.11,28.26,70.55,5.16,High
2023-01-13 16:00:00,79.37,164.33,38.39,0.87,25.49,40.39,5.8,Moderate
2023-01-13 17:00:00,83.52,78.4,46.72,1.11,21.14,36.03,5.4,Moderate
2023-01-13 18:00:00,118.33,144.51,16.44,0.84,29.61,50.55,2.94,High
2023-01-13 19:00:00,62.25,77.86,23.1,0.81,27.69,70.98,5.09,Moderate
2023-01-13 20:00:00,96.41,95.05,22.09,0.69,30.5,57.05,2.85,High
2023-01-13 21:00:00,73.93,196.56,42.14,1.27,25.33,53.03,5.16,Moderate
2023-01-13 22:00:00,73.47,112.37,65.99,0.55,34.1,60.67,4.04,Moderate
2023-01-13 23:00:00,112.96,128.7,73.47,1.26,23.62,33.81,10.08,High
2023-01-14 00:00:00,104.76,154.8,49.57,0.95,36.56,67.42,4.92,High
2023-01-14 01:00:00,104.41,139.83,47.51,0.38,19.26,65.75,2.19,High
2023-01-14 02:00:00,119.16,126.02,12.98,0.91,30.17,53.86,4.73,High
2023-01-14 03:00:00,80.63,134.6,31.86,0.17,30.38,75.09,6.04,Moderate
2023-01-14 04:00:00,100.46,216.14,28.18,0.99,24.02,43.09,8.35,High
2023-01-14 05:00:00,70.69,117.7,30.69,1.07,30.12,76.92,3.82,Moderate
2023-01-14 06:00:00,89.72,128.04,37.48,0.62,34.4,62.32,1.84,Moderate
2023-01-14 07:00:00,76.1,162.03,32.92,0.84,16.92,54.95,6.63,Moderate
2023-01-14 08:00:00,82.91,164.22,10.31,1.39,30.51,59.7,2.24,Moderate
2023-01-14 09:00:00,97.85,167.48,51.22,0.65,15.53,58.39,4.13,High
2023-01-14 10:00:00,55.45,145.55,23.91,0.48,23.17,78.3,4.48,Moderate
2023-01-14 11:00:00,142.77,74.28,43.59,1.24,36.15,43.85,4.86,High
2023-01-14 12:00:00,49.82,185.34,71.11,1.39,25.09,48.56,6.38,Moderate
2023-01-14 13:00:00,43.57,74.15,26.21,0.8,22.13,75.54,3.63,Moderate
2023-01-14 14:00:00,114.74,132.11,5.0,1.1,27.01,51.07,4.45,High
2023-01-14 15:00:00,103.75,89.83,35.71,1.2,38.34,73.51,4.97,High
2023-01-14 16:00:00,98.72,117.43,56.51,0.58,18.84,85.49,5.3,High
2023-01-14 17:00:00,98.85,133.15,69.38,0.65,22.74,53.97,5.2,High
2023-01-14 18:00:00,79.63,132.85,21.56,1.17,35.49,70.22,5.87,Moderate
2023-01-14 19:00:00,53.08,136.88,47.45,1.31,37.29,42.69,6.69,Moderate
2023-01-14 20:00:00,82.27,184.55,33.02,0.97,27.48,71.32,5.79,Moderate
2023-01-14 21:00:00,59.69,138.14,38.41,0.54,21.8,62.99,5.91,Moderate
2023-01-14 22:00:00,109.25,110.23,79.67,1.4,38.48,67.1,1.84,High
2023-01-14 23:00:00,75.59,158.56,17.46,0.64,35.97,50.32,5.1,Moderate
2023-01-15 00:00:00,55.24,167.58,43.81,0.7,31.39,35.08,5.96,Moderate
2023-01-15 01:00:00,70.36,70.9,47.02,0.9,23.94,67.55,6.46,Moderate
2023-01-15 02:00:00,92.39,143.9,56.29,1.27,27.75,29.05,3.62,High
2023-01-15 03:00:00,63.09,148.05,41.47,1.06,27.2,55.24,3.68,Moderate
2023-01-15 04:00:00,55.33,108.1,44.62,0.92,29.65,74.12,3.85,Moderate
2023-01-15 05:00:00,87.31,175.03,34.13,0.94,35.26,62.88,6.07,Moderate
2023-01-15 06:00:00,87.35,114.0,44.04,0.81,32.4,89.23,7.07,Moderate
2023-01-15 07:00:00,64.79,125.02,34.85,0.97,22.61,75.38,4.19,Moderate
2023-01-15 08:00:00,65.87,113.08,49.32,0.1,34.88,50.19,6.82,Moderate
2023-01-15 09:00:00,86.96,120.62,34.46,0.71,29.57,60.41,5.25,Moderate
2023-01-15 10:00:00,36.56,76.15,45.66,0.87,31.44,59.29,4.75,Moderate
2023-01-15 11:00:00,37.78,62.4,39.56,0.45,35.33,36.27,4.58,Moderate
2023-01-15 12:00:00,58.45,183.78,56.89,0.92,22.44,45.89,6.49,Moderate
2023-01-15 13:00:00,73.6,86.12,39.23,0.74,27.82,51.59,5.65,Moderate
2023-01-15 14:00:00,89.33,80.34,13.4,1.33,25.34,29.46,9.55,Moderate
2023-01-15 15:00:00,124.26,33.86,58.93,1.27,20.16,60.71,3.3,High
2023-01-15 16:00:00,105.73,94.44,26.41,0.66,29.73,56.26,6.04,High
2023-01-15 17:00:00,75.2,67.08,30.19,0.75,40.56,34.91,3.94,Moderate
2023-01-15 18:00:00,79.43,185.68,31.07,0.78,18.8,66.06,3.26,Moderate
2023-01-15 19:00:00,49.92,160.39,60.62,0.66,27.84,70.74,4.98,Moderate
2023-01-15 20:00:00,79.44,92.47,7.96,0.86,31.2,63.41,5.27,Moderate
2023-01-15 21:00:00,71.34,210.1,87.07,0.57,28.62,55.14,10.84,Moderate
2023-01-15 22:00:00,89.68,159.27,55.84,0.46,27.43,68.87,4.63,Moderate
2023-01-15 23:00:00,55.18,107.01,43.35,0.99,21.5,70.2,2.74,Moderate
2023-01-16 00:00:00,95.58,20.02,39.18,0.99,29.16,64.61,5.55,High
2023-01-16 01:00:00,125.98,211.64,44.28,0.56,24.22,47.63,0.85,High
2023-01-16 02:00:00,76.74,64.42,47.82,1.07,17.05,64.15,4.82,Moderate
2023-01-16 03:00:00,92.05,54.18,49.68,0.61,33.97,77.93,5.03,High
2023-01-16 04:00:00,100.7,160.9,48.33,0.88,32.79,51.05,6.59,High
2023-01-16 05:00:00,67.96,217.59,41.34,1.05,28.26,91.47,6.95,Moderate
2023-01-16 06:00:00,86.72,175.37,37.04,0.79,29.15,52.12,3.99,Moderate
2023-01-16 07:00:00,80.38,142.56,37.73,0.94,33.37,60.49,4.7,Moderate
2023-01-16 08:00:00,82.93,143.79,37.08,0.65,29.12,49.91,3.47,Moderate
2023-01-16 09:00:00,56.81,154.14,57.01,0.74,32.52,63.35,2.74,Moderate
2023-01-16 10:00:00,80.74,150.36,48.9,0.74,26.51,33.87,5.62,Moderate
2023-01-16 11:00:00,94.94,131.25,5.0,0.58,34.56,51.81,2.45,High
2023-01-16 12:00:00,123.53,124.17,49.84,0.75,29.6,43.62,4.17,High
2023-01-16 13:00:00,108.78,117.5,42.92,0.34,28.97,62.03,3.01,High
2023-01-16 14:00:00,144.6,89.84,39.72,0.65,21.65,74.92,6.1,High
2023-01-16 15:00:00,56.98,108.77,34.17,0.71,29.43,69.69,8.6,Moderate
2023-01-16 16:00:00,106.17,52.28,56.86,0.72,23.84,24.43,2.4,High
2023-01-16 17:00:00,85.5,116.07,54.21,0.73,24.81,90.63,1.29,Moderate
2023-01-16 18:00:00,145.69,80.46,28.41,0.78,23.92,64.43,4.75,High
2023-01-16 19:00:00,55.75,75.86,46.11,0.94,22.67,48.35,5.03,Moderate
2023-01-16 20:00:00,54.81,127.2,25.43,1.06,38.62,62.36,5.44,Moderate
2023-01-16 21:00:00,62.02,175.68,19.31,0.61,34.66,62.64,4.11,Moderate
2023-01-16 22:00:00,16.28,156.73,30.6,0.44,37.6,50.0,4.6,Low
2023-01-16 23:00:00,64.23,57.18,52.94,0.49,21.89,62.97,5.74,Moderate
2023-01-17 00:00:00,57.23,80.41,54.3,0.65,28.36,50.89,7.08,Moderate
2023-01-17 01:00:00,84.51,157.63,47.7,0.69,21.53,53.93,1.09,Moderate
2023-01-17 02:00:00,90.25,80.7,50.88,0.57,24.52,49.71,4.26,High
2023-01-17 03:00:00,136.29,111.01,47.74,0.41,23.41,38.51,5.43,High
2023-01-17 04:00:00,108.51,142.0,30.38,0.66,34.2,62.19,3.16,High
2023-01-17 05:00:00,62.69,81.27,46.48,0.85,26.02,68.78,8.46,Moderate
2023-01-17 06:00:00,53.05,124.22,52.01,0.98,33.34,67.72,3.73,Moderate
2023-01-17 07:00:00,94.76,66.64,51.31,0.63,31.02,72.3,4.92,High
2023-01-17 08:00:00,40.39,95.95,57.83,0.68,39.52,64.87,6.11,Moderate
2023-01-17 09:00:00,134.94,132.79,50.62,0.52,20.6,52.01,3.82,High
2023-01-17 10:00:00,115.38,56.28,45.27,0.79,34.3,72.59,1.31,High
2023-01-17 11:00:00,65.92,137.62,56.05,0.55,33.73,39.64,4.14,Moderate
2023-01-17 12:00:00,28.61,119.21,39.6,0.97,23.13,46.49,7.06,Low
2023-01-17 13:00:00,120.62,142.1,26.77,0.26,33.04,45.54,4.33,High
2023-01-17 14:00:00,76.56,128.96,37.55,0.69,29.68,76.2,3.31,Moderate
2023-01-17 15:00:00,117.13,174.57,28.83,0.89,26.86,74.14,6.85,High
2023-01-17 16:00:00,32.17,125.01,29.87,0.86,23.88,67.31,4.34,Low
2023-01-17 17:00:00,62.02,102.82,37.83,1.61,24.4,76.08,3.98,Moderate
2023-01-17 18:00:00,80.16,124.89,28.11,0.9,38.25,46.81,5.3,Moderate
2023-01-17 19:00:00,81.41,141.73,35.38,0.5,28.0,65.23,6.54,Moderate
2023-01-17 20:00:00,66.5,121.95,11.6,0.77,31.91,58.12,9.76,Moderate
2023-01-17 21:00:00,98.69,121.62,43.2,0.27,24.05,72.7,6.65,High
2023-01-17 22:00:00,47.97,91.92,40.02,0.78,24.1,58.27,7.32,Moderate
2023-01-17 23:00:00,75.73,93.48,27.74,0.55,33.41,54.23,3.99,Moderate
2023-01-18 00:00:00,83.61,63.9,49.89,1.07,21.25,68.11,2.95,Moderate
2023-01-18 01:00:00,95.43,189.98,54.06,0.64,25.92,73.14,5.12,High
2023-01-18 02:00:00,101.35,70.25,15.89,0.76,28.17,49.97,5.21,High
2023-01-18 03:00:00,46.26,92.28,28.56,0.61,28.56,59.08,2.84,Moderate
2023-01-18 04:00:00,33.98,91.26,28.46,1.32,27.1,44.12,4.65,Low
2023-01-18 05:00:00,118.33,155.8,25.9,0.7,29.98,22.53,5.8,High
2023-01-18 06:00:00,89.97,108.2,52.44,1.35,31.46,63.01,5.72,Moderate
2023-01-18 07:00:00,57.55,169.91,37.09,1.04,31.67,69.13,6.01,Moderate
2023-01-18 08:00:00,126.53,93.06,36.03,0.94,23.07,63.93,5.58,High
2023-01-18 09:00:00,83.47,131.16,9.94,0.91,26.58,30.76,3.99,Moderate
2023-01-18 10:00:00,115.38,86.59,49.53,0.92,33.97,54.74,3.97,High
2023-01-18 11:00:00,82.03,205.81,21.41,0.22,32.47,26.72,2.6,Moderate
2023-01-18 12:00:00,141.82,72.5,40.9,0.72,21.14,80.55,8.57,High
2023-01-18 13:00:00,132.66,132.39,44.16,1.05,29.76,43.71,5.03,High
2023-01-18 14:00:00,72.53,145.35,60.41,0.79,18.11,78.83,4.55,Moderate
2023-01-18 15:00:00,109.15,136.55,20.37,0.38,28.23,74.19,3.14,High
2023-01-18 16:00:00,99.36,112.59,5.0,0.78,37.49,46.49,10.87,High
2023-01-18 17:00:00,121.06,114.81,42.76,1.31,23.26,43.01,2.85,High
2023-01-18 18:00:00,51.05,121.75,67.01,1.17,23.83,65.26,4.14,Moderate
2023-01-18 19:00:00,100.58,114.12,58.58,0.78,31.82,47.34,5.83,High
2023-01-18 20:00:00,111.75,158.56,43.14,1.09,20.29,61.54,6.2,High
2023-01-18 21:00:00,27.24,208.42,32.63,0.69,24.84,52.76,6.92,Low
2023-01-18 22:00:00,44.5,97.7,52.11,0.29,30.98,33.28,8.62,Moderate
2023-01-18 23:00:00,18.82,65.21,25.4,0.52,24.83,26.54,6.01,Low
2023-01-19 00:00:00,71.92,116.47,47.15,1.27,26.82,63.4,2.89,Moderate
2023-01-19 01:00:00,101.53,223.19,47.58,0.72,31.72,51.58,4.49,High
2023-01-19 02:00:00,125.07,87.85,55.9,0.73,30.11,51.7,5.62,High
2023-01-19 03:00:00,82.22,185.56,81.39,0.71,29.33,70.44,9.14,Moderate
2023-01-19 04:00:00,128.86,187.11,45.89,1.37,26.3,77.6,2.2,High
2023-01-19 05:00:00,38.6,97.86,32.37,1.29,29.85,55.91,7.41,Moderate
2023-01-19 06:00:00,28.9,142.76,39.62,1.47,27.38,54.89,5.36,Low
2023-01-19 07:00:00,78.33,185.14,13.46,0.75,30.29,67.5,6.68,Moderate
2023-01-19 08:00:00,91.52,104.83,29.58,0.89,25.52,39.65,4.8,High
2023-01-19 09:00:00,79.02,111.86,33.86,0.35,27.09,63.35,3.32,Moderate
2023-01-19 10:00:00,17.98,96.73,32.14,1.24,23.05,68.28,6.5,Low
2023-01-19 11:00:00,77.33,79.41,42.29,0.45,27.82,70.2,6.31,Moderate
2023-01-19 12:00:00,40.87,94.03,27.66,0.87,23.94,30.95,6.94,Moderate
2023-01-19 13:00:00,100.09,71.04,56.82,0.47,22.43,48.58,4.97,High
2023-01-19 14:00:00,91.0,121.36,40.0,0.62,29.29,46.83,3.8,High
2023-01-19 15:00:00,51.8,89.2,39.86,0.55,29.06,61.5,1.88,Moderate
2023-01-19 16:00:00,64.58,129.35,35.08,0.62,31.91,67.21,6.64,Moderate
2023-01-19 17:00:00,48.22,57.76,42.33,0.64,25.84,82.45,5.85,Moderate
2023-01-19 18:00:00,78.12,133.24,52.38,0.64,30.04,52.58,3.07,Moderate
2023-01-19 19:00:00,108.65,153.34,26.99,1.05,30.75,52.54,3.92,High
2023-01-19 20:00:00,50.43,40.25,30.13,0.47,30.22,77.25,4.07,Moderate
2023-01-19 21:00:00,95.12,134.96,35.44,0.87,23.87,64.45,2.03,High
2023-01-19 22:00:00,64.09,169.11,19.81,1.17,28.75,79.01,3.36,Moderate
2023-01-19 23:00:00,56.21,71.61,27.71,0.65,29.82,64.33,2.73,Moderate
2023-01-20 00:00:00,76.79,186.9,32.86,0.58,28.04,42.64,4.18,Moderate
2023-01-20 01:00:00,48.94,136.76,53.12,0.73,17.57,40.0,3.52,Moderate
2023-01-20 02:00:00,63.39,91.8,43.94,1.15,28.8,36.73,1.75,Moderate
2023-01-20 03:00:00,44.06,117.77,42.9,0.86,39.06,69.93,9.05,Moderate
2023-01-20 04:00:00,138.94,142.33,52.76,0.64,26.2,77.83,7.51,High
2023-01-20 05:00:00,81.06,123.04,37.94,0.95,24.36,87.74,3.44,Moderate
2023-01-20 06:00:00,59.01,141.55,45.86,0.47,29.87,72.65,5.54,Moderate
2023-01-20 07:00:00,86.42,83.17,38.45,1.0,29.56,77.44,5.83,Moderate
2023-01-20 08:00:00,76.63,126.77,43.98,0.92,33.96,51.3,7.38,Moderate
2023-01-20 09:00:00,73.37,63.45,31.26,0.71,21.71,42.65,3.36,Moderate
2023-01-20 10:00:00,98.43,115.55,5.0,0.55,31.66,72.75,7.18,High
2023-01-20 11:00:00,102.73,83.84,37.99,0.53,30.95,66.27,3.9,High
2023-01-20 12:00:00,64.08,90.58,61.34,0.96,27.29,61.61,2.33,Moderate
2023-01-20 13:00:00,62.73,169.44,53.89,1.17,29.69,65.81,6.45,Moderate
2023-01-20 14:00:00,71.75,163.65,54.48,0.61,33.15,64.85,7.58,Moderate
2023-01-20 15:00:00,10.94,144.37,58.54,0.94,32.36,79.26,10.18,Low
2023-01-20 16:00:00,34.54,76.31,41.33,0.17,22.28,79.42,2.6,Low
2023-01-20 17:00:00,121.01,107.34,42.96,0.62,32.1,68.16,6.4,High
2023-01-20 18:00:00,129.35,168.52,30.74,0.79,27.68,72.69,4.18,High
2023-01-20 19:00:00,72.53,125.67,35.26,0.53,28.36,67.71,6.57,Moderate
2023-01-20 20:00:00,97.3,212.77,49.24,0.52,28.37,53.08,2.06,High
2023-01-20 21:00:00,89.34,135.73,58.06,0.6,27.25,71.35,2.47,Moderate
2023-01-20 22:00:00,172.37,127.68,37.91,0.89,33.96,39.08,3.45,High
2023-01-20 23:00:00,113.59,107.64,33.25,0.74,27.58,75.81,5.16,High
2023-01-21 00:00:00,76.16,125.34,40.01,0.13,22.4,42.08,3.72,Moderate
2023-01-21 01:00:00,51.33,113.9,49.02,0.16,26.03,64.29,6.32,Moderate
2023-01-21 02:00:00,31.81,148.32,18.34,0.62,28.89,47.32,7.05,Low
2023-01-21 03:00:00,86.1,158.27,5.56,0.94,34.15,68.3,6.2,Moderate
2023-01-21 04:00:00,57.31,88.56,31.74,0.1,31.02,59.49,8.24,Moderate
2023-01-21 05:00:00,37.33,66.75,21.69,0.65,23.75,36.08,5.83,Moderate
2023-01-21 06:00:00,60.6,46.55,32.38,0.64,40.43,66.31,2.57,Moderate
2023-01-21 07:00:00,47.55,140.32,37.78,1.22,29.32,51.33,7.73,Moderate
2023-01-21 08:00:00,130.61,75.87,33.2,0.68,34.38,73.22,3.79,High
2023-01-21 09:00:00,106.45,33.88,61.79,0.91,27.24,60.02,6.82,High
2023-01-21 10:00:00,79.76,135.54,44.9,0.84,30.67,65.93,8.15,Moderate
2023-01-21 11:00:00,124.4,219.72,44.51,0.16,32.2,45.64,5.91,High
2023-01-21 12:00:00,82.32,119.76,49.33,1.03,34.09,51.16,2.01,Moderate
2023-01-21 13:00:00,54.16,153.54,22.92,0.86,33.29,53.12,3.16,Moderate
2023-01-21 14:00:00,125.69,123.27,55.59,0.95,32.36,72.85,7.65,High
2023-01-21 15:00:00,96.17,116.04,38.86,1.98,26.42,85.16,4.66,High
2023-01-21 16:00:00,48.88,156.76,50.06,0.17,25.14,47.92,5.16,Moderate
2023-01-21 17:00:00,74.29,108.39,23.92,1.32,29.66,76.15,6.52,Moderate
2023-01-21 18:00:00,53.73,130.7,16.69,0.71,32.67,27.45,6.39,Moderate
2023-01-21 19:00:00,38.52,132.87,52.27,0.89,26.89,42.09,5.56,Moderate
2023-01-21 20:00:00,107.79,93.28,45.65,0.79,33.33,45.62,4.58,High
2023-01-21 21:00:00,137.28,159.68,26.47,0.67,35.26,39.71,4.37,High
2023-01-21 22:00:00,38.04,113.0,26.96,0.63,23.42,36.25,6.72,Moderate
2023-01-21 23:00:00,96.89,89.77,56.88,0.9,23.82,66.19,6.11,High
2023-01-22 00:00:00,60.48,141.46,22.16,0.34,27.3,56.79,4.49,Moderate
2023-01-22 01:00:00,65.39,84.06,64.64,1.03,29.54,65.69,7.16,Moderate
2023-01-22 02:00:00,62.23,121.13,26.49,0.68,25.38,70.36,4.74,Moderate
2023-01-22 03:00:00,54.08,119.64,49.58,0.46,34.76,63.98,3.3,Moderate
2023-01-22 04:00:00,81.46,163.44,35.07,0.66,30.12,69.87,3.48,Moderate
2023-01-22 05:00:00,55.07,138.99,49.05,1.18,28.2,58.96,3.04,Moderate
2023-01-22 06:00:00,88.11,119.0,31.84,0.64,20.82,42.2,4.46,Moderate
2023-01-22 07:00:00,78.49,152.71,37.56,0.91,21.42,75.87,7.47,Moderate
2023-01-22 08:00:00,72.83,175.61,40.61,0.58,29.41,51.16,3.39,Moderate
2023-01-22 09:00:00,52.77,142.31,24.97,1.03,17.34,45.97,5.38,Moderate
2023-01-22 10:00:00,62.7,120.41,51.11,1.01,33.06,57.33,3.69,Moderate
2023-01-22 11:00:00,102.66,67.53,32.3,1.35,27.21,46.31,4.48,High
2023-01-22 12:00:00,95.03,77.4,36.57,0.75,44.22,53.74,1.98,High
2023-01-22 13:00:00,50.67,107.79,25.08,1.0,39.54,65.16,4.56,Moderate
2023-01-22 14:00:00,82.98,95.62,5.0,0.83,27.09,65.23,4.61,Moderate
2023-01-22 15:00:00,102.54,112.52,37.13,1.19,27.47,46.53,6.08,High
2023-01-22 16:00:00,29.92,122.27,76.19,0.58,32.98,52.68,5.45,Low
2023-01-22 17:00:00,96.3,141.19,51.77,1.02,36.52,76.11,2.6,High
2023-01-22 18:00:00,60.12,117.18,39.71,0.74,19.81,67.45,7.17,Moderate
2023-01-22 19:00:00,97.12,139.46,36.06,0.78,19.07,91.13,5.42,High
2023-01-22 20:00:00,57.1,122.58,40.34,0.83,24.89,77.7,5.4,Moderate
2023-01-22 21:00:00,25.85,40.98,48.21,0.88,30.91,77.16,4.98,Low
2023-01-22 22:00:00,31.17,82.43,22.29,0.77,30.48,39.18,3.96,Low
2023-01-22 23:00:00,81.44,114.24,56.71,0.86,33.35,71.46,5.44,Moderate
2023-01-23 00:00:00,87.79,71.61,50.73,1.27,22.0,59.2,5.95,Moderate
2023-01-23 01:00:00,52.87,144.0,50.77,1.1,16.42,51.74,1.51,Moderate
2023-01-23 02:00:00,99.16,181.23,46.58,1.06,32.29,62.52,3.92,High
2023-01-23 03:00:00,30.15,168.75,40.29,0.66,23.86,74.18,4.49,Low
2023-01-23 04:00:00,78.02,111.46,50.09,0.53,17.91,67.51,5.51,Moderate
2023-01-23 05:00:00,43.67,179.63,48.88,1.09,28.73,46.82,7.39,Moderate
2023-01-23 06:00:00,60.44,125.95,34.69,1.06,31.97,71.14,3.46,Moderate
2023-01-23 07:00:00,81.42,106.52,31.4,1.24,27.39,50.44,4.0,Moderate
2023-01-23 08:00:00,54.19,95.46,41.53,0.62,25.71,63.25,3.97,Moderate
2023-01-23 09:00:00,68.46,107.9,63.24,0.73,27.2,55.45,3.4,Moderate
2023-01-23 10:00:00,110.19,104.47,21.41,0.31,26.15,56.72,4.31,High
2023-01-23 11:00:00,62.69,126.82,17.99,0.68,21.26,71.49,6.54,Moderate
2023-01-23 12:00:00,105.07,126.42,42.47,1.1,24.43,44.4,2.89,High
2023-01-23 13:00:00,46.11,120.12,40.76,0.66,30.61,89.18,5.86,Moderate
2023-01-23 14:00:00,95.89,137.48,42.6,0.99,29.61,32.68,1.6,High
2023-01-23 15:00:00,123.25,167.63,43.66,0.74,28.84,51.03,3.88,High
2023-01-23 16:00:00,5.85,157.98,36.65,0.9,23.02,65.55,4.34,Low
2023-01-23 17:00:00,56.09,60.6,62.35,0.46,27.09,68.76,8.35,Moderate
2023-01-23 18:00:00,97.31,17.84,15.99,0.83,17.11,58.49,4.45,High
2023-01-23 19:00:00,73.91,157.37,27.57,0.1,28.89,59.14,0.6,Moderate
2023-01-23 20:00:00,91.13,65.32,38.45,0.74,35.14,66.16,1.0,High
2023-01-23 21:00:00,61.88,111.01,15.35,0.31,20.63,56.53,5.07,Moderate
2023-01-23 22:00:00,82.6,73.2,37.36,1.16,25.07,80.9,6.23,Moderate
2023-01-23 23:00:00,75.33,47.92,64.92,1.03,29.65,72.59,5.75,Moderate
2023-01-24 00:00:00,115.03,141.66,40.31,0.94,34.26,73.09,5.34,High
2023-01-24 01:00:00,87.63,150.37,43.46,1.26,25.76,45.51,7.32,Moderate
2023-01-24 02:00:00,90.13,96.94,21.1,0.52,24.54,58.81,3.92,High
2023-01-24 03:00:00,67.64,16.36,30.75,1.32,18.16,55.49,6.79,Moderate
2023-01-24 04:00:00,65.37,98.15,34.37,1.08,28.52,44.92,1.74,Moderate
2023-01-24 05:00:00,67.02,135.67,35.23,0.73,38.21,65.4,3.19,Moderate
2023-01-24 06:00:00,91.83,60.84,59.22,1.14,29.39,51.94,1.39,High
2023-01-24 07:00:00,67.37,127.33,48.37,0.47,27.89,69.83,4.45,Moderate
2023-01-24 08:00:00,88.69,119.39,23.33,0.55,29.61,43.95,4.91,Moderate
2023-01-24 09:00:00,142.26,143.17,43.7,0.62,27.94,85.79,5.23,High
2023-01-24 10:00:00,106.13,124.78,47.47,0.64,23.93,46.56,5.12,High
2023-01-24 11:00:00,70.22,81.08,57.1,0.48,32.12,63.29,3.14,Moderate
2023-01-24 12:00:00,116.04,167.86,63.71,1.17,29.13,71.88,4.62,High
2023-01-24 13:00:00,67.76,113.66,24.77,0.72,28.09,51.44,2.01,Moderate
2023-01-24 14:00:00,18.86,118.91,27.84,0.91,23.12,72.79,7.73,Low
2023-01-24 15:00:00,49.76,82.67,21.14,0.63,34.52,41.56,4.39,Moderate
2023-01-24 16:00:00,23.88,102.27,36.49,0.25,31.32,81.78,4.02,Low
2023-01-24 17:00:00,69.45,84.61,47.0,0.88,25.24,60.21,8.18,Moderate
2023-01-24 18:00:00,80.55,113.08,54.81,0.23,33.01,51.05,2.52,Moderate
2023-01-24 19:00:00,130.29,188.47,38.86,0.78,25.51,55.51,2.75,High
2023-01-24 20:00:00,89.81,65.12,35.2,0.39,24.09,72.13,2.81,Moderate
2023-01-24 21:00:00,73.43,55.46,42.28,1.4,24.2,51.23,4.86,Moderate
2023-01-24 22:00:00,104.88,178.85,27.47,1.07,19.14,48.76,5.86,High
2023-01-24 23:00:00,13.67,111.63,71.34,0.83,30.36,56.68,6.48,Low
2023-01-25 00:00:00,87.07,93.24,15.89,1.18,18.84,42.35,10.14,Moderate
2023-01-25 01:00:00,103.13,161.6,42.77,0.55,21.86,87.31,0.5,High
2023-01-25 02:00:00,35.64,95.78,70.35,0.96,17.62,51.5,6.22,Moderate
2023-01-25 03:00:00,114.31,193.04,40.1,0.86,27.57,72.47,3.89,High
2023-01-25 04:00:00,90.15,147.12,37.15,0.88,27.25,63.14,3.83,High
2023-01-25 05:00:00,67.54,100.48,34.64,1.18,26.37,45.23,3.76,Moderate
2023-01-25 06:00:00,98.98,206.29,37.29,1.02,22.79,59.91,3.18,High
2023-01-25 07:00:00,148.12,95.77,60.59,0.89,22.14,71.76,8.37,High
2023-01-25 08:00:00,85.46,149.68,6.82,0.3,30.32,57.18,6.68,Moderate
2023-01-25 09:00:00,87.45,131.97,63.0,0.51,25.25,77.9,5.05,Moderate
2023-01-25 10:00:00,66.22,172.07,18.64,0.76,29.58,75.32,7.7,Moderate
2023-01-25 11:00:00,54.5,182.46,36.0,0.83,23.57,73.78,1.97,Moderate
2023-01-25 12:00:00,104.91,121.28,33.56,0.46,28.91,53.11,2.34,High
2023-01-25 13:00:00,54.32,89.86,48.83,1.52,34.52,43.8,0.64,Moderate
2023-01-25 14:00:00,82.15,138.4,16.03,1.25,30.93,50.8,3.6,Moderate
2023-01-25 15:00:00,65.67,92.89,46.93,0.98,25.94,62.94,5.32,Moderate
2023-01-25 16:00:00,94.37,200.54,70.36,0.82,29.29,68.19,5.21,High
2023-01-25 17:00:00,90.01,125.46,19.55,0.74,26.8,27.43,5.3,High
2023-01-25 18:00:00,111.13,105.39,42.85,0.51,28.04,59.88,2.18,High
2023-01-25 19:00:00,64.7,127.39,30.07,0.82,26.37,62.37,6.61,Moderate
2023-01-25 20:00:00,71.9,66.11,46.39,0.88,27.18,55.84,5.48,Moderate
2023-01-25 21:00:00,50.64,81.14,40.29,0.43,29.06,79.37,6.47,Moderate
2023-01-25 22:00:00,66.67,168.02,30.38,0.9,23.03,66.33,1.21,Moderate
2023-01-25 23:00:00,91.32,93.72,47.32,0.75,22.92,79.65,5.62,High
2023-01-26 00:00:00,102.71,78.12,67.07,0.23,21.06,56.76,2.62,High
2023-01-26 01:00:00,52.34,141.47,37.14,0.54,20.0,74.06,4.21,Moderate
2023-01-26 02:00:00,106.09,167.43,50.8,0.68,21.91,84.53,6.07,High
2023-01-26 03:00:00,120.67,148.76,20.6,1.37,28.8,79.68,5.18,High
2023-01-26 04:00:00,92.4,159.84,25.65,0.97,23.54,43.62,3.3,High
2023-01-26 05:00:00,136.3,89.73,47.09,0.4,30.57,56.19,5.01,High
2023-01-26 06:00:00,56.79,63.13,62.26,0.95,28.17,54.82,1.94,Moderate
2023-01-26 07:00:00,42.66,180.05,45.33,0.34,18.16,67.34,7.3,Moderate
2023-01-26 08:00:00,26.64,107.09,35.3,1.12,31.27,70.3,4.59,Low
2023-01-26 09:00:00,124.88,109.97,39.99,0.66,32.05,47.42,7.24,High
2023-01-26 10:00:00,99.63,173.13,21.24,0.77,23.03,61.02,3.95,High
2023-01-26 11:00:00,78.33,142.25,49.07,1.2,30.1,29.7,3.95,Moderate
2023-01-26 12:00:00,88.4,138.24,53.23,0.41,23.72,81.63,3.47,Moderate
2023-01-26 13:00:00,46.24,206.6,33.22,0.38,28.49,52.31,6.75,Moderate
2023-01-26 14:00:00,153.37,94.26,32.95,0.62,21.68,60.84,3.58,High
2023-01-26 15:00:00,83.88,157.11,43.99,1.11,19.03,55.36,6.29,Moderate
2023-01-26 16:00:00,83.28,122.28,33.45,0.34,26.09,77.19,4.24,Moderate
2023-01-26 17:00:00,101.77,130.74,39.01,0.1,27.38,17.44,1.05,High
2023-01-26 18:00:00,94.43,181.14,71.5,0.66,26.01,59.75,3.86,High
2023-01-26 19:00:00,86.72,140.31,36.29,0.97,22.08,58.41,2.64,Moderate
2023-01-26 20:00:00,56.29,141.53,34.62,1.16,26.0,53.2,5.07,Moderate
2023-01-26 21:00:00,94.14,162.9,30.29,0.66,29.35,85.89,2.62,High
2023-01-26 22:00:00,136.46,105.4,51.16,0.68,27.78,46.69,6.85,High
2023-01-26 23:00:00,120.36,86.43,37.28,1.15,28.91,71.58,4.82,High
2023-01-27 00:00:00,127.8,78.21,30.26,0.24,24.65,65.34,4.64,High
2023-01-27 01:00:00,64.66,41.35,59.82,0.68,33.86,78.92,6.31,Moderate
2023-01-27 02:00:00,50.31,202.25,61.29,0.86,22.12,49.99,6.93,Moderate
2023-01-27 03:00:00,76.23,75.87,30.99,0.93,30.44,49.01,4.96,Moderate
2023-01-27 04:00:00,81.67,111.15,12.0,0.65,33.91,76.44,3.46,Moderate
2023-01-27 05:00:00,112.83,108.93,55.11,0.81,30.4,66.38,1.45,High
2023-01-27 06:00:00,29.23,132.3,29.73,0.1,26.99,36.83,3.63,Low
2023-01-27 07:00:00,125.89,152.63,51.86,0.6,25.36,51.91,3.77,High
2023-01-27 08:00:00,75.26,154.42,10.45,0.94,33.18,65.8,5.21,Moderate
2023-01-27 09:00:00,67.19,96.68,53.39,0.51,20.89,72.57,4.31,Moderate
2023-01-27 10:00:00,49.64,113.32,21.83,0.82,23.15,49.81,6.38,Moderate
2023-01-27 11:00:00,30.35,131.3,50.96,0.93,26.01,16.29,3.77,Low
2023-01-27 12:00:00,104.7,110.05,40.21,0.7,34.19,67.85,4.89,High
2023-01-27 13:00:00,82.2,184.29,25.69,0.85,29.9,41.7,7.37,Moderate
2023-01-27 14:00:00,41.3,139.64,33.89,0.51,23.16,29.74,5.68,Moderate
2023-01-27 15:00:00,41.15,149.4,50.29,0.74,26.45,17.52,4.88,Moderate
2023-01-27 16:00:00,69.93,146.52,41.59,0.98,24.93,72.21,3.8,Moderate
2023-01-27 17:00:00,130.07,166.94,48.77,0.85,24.45,61.93,3.73,High
2023-01-27 18:00:00,72.21,127.24,69.65,0.62,32.89,56.62,3.3,Moderate
2023-01-27 19:00:00,34.91,68.13,16.54,0.87,21.14,80.84,3.92,Low
2023-01-27 20:00:00,72.63,135.99,64.26,1.01,36.04,69.56,6.51,Moderate
2023-01-27 21:00:00,71.82,93.95,41.57,0.19,32.14,84.24,4.56,Moderate
2023-01-27 22:00:00,5.0,98.86,26.52,1.15,33.45,39.11,2.3,Low
2023-01-27 23:00:00,78.37,143.45,20.05,0.7,25.69,59.48,8.54,Moderate
2023-01-28 00:00:00,73.07,169.53,37.16,0.93,27.25,35.75,5.64,Moderate
2023-01-28 01:00:00,100.89,120.85,53.82,1.16,20.83,56.56,2.19,High
2023-01-28 02:00:00,135.47,132.35,38.09,0.39,25.38,56.27,4.12,High
2023-01-28 03:00:00,113.8,188.09,62.67,0.59,30.47,69.4,5.22,High
2023-01-28 04:00:00,71.93,129.63,18.23,0.71,34.48,60.68,8.41,Moderate
2023-01-28 05:00:00,46.8,224.07,39.82,0.56,22.46,69.35,2.78,Moderate
2023-01-28 06:00:00,157.2,142.62,21.21,1.32,26.17,70.55,6.95,High
2023-01-28 07:00:00,81.78,49.57,45.45,0.54,27.24,92.32,7.8,Moderate
2023-01-28 08:00:00,80.42,150.13,53.3,0.63,21.02,55.27,3.74,Moderate
2023-01-28 09:00:00,79.28,135.25,33.69,0.86,30.96,45.88,4.44,Moderate
2023-01-28 10:00:00,85.94,171.59,5.0,0.44,24.38,63.69,2.93,Moderate
2023-01-28 11:00:00,75.67,146.93,42.98,0.68,27.02,47.97,4.59,Moderate
2023-01-28 12:00:00,62.79,114.46,46.55,0.9,25.74,82.23,4.93,Moderate
2023-01-28 13:00:00,63.59,71.03,46.06,0.7,24.05,55.75,6.32,Moderate
2023-01-28 14:00:00,79.02,111.64,58.54,0.77,27.96,51.52,7.18,Moderate
2023-01-28 15:00:00,63.7,85.98,23.93,0.64,26.92,52.93,3.5,Moderate
2023-01-28 16:00:00,58.61,96.78,50.2,0.35,26.14,70.78,1.07,Moderate
2023-01-28 17:00:00,83.19,143.54,57.89,0.9,24.36,57.63,4.96,Moderate
2023-01-28 18:00:00,72.35,186.8,13.32,1.33,29.6,50.37,5.59,Moderate
2023-01-28 19:00:00,125.12,135.79,44.79,0.81,36.27,84.98,5.5,High
2023-01-28 20:00:00,5.0,72.16,32.44,0.87,28.7,47.16,4.35,Low
2023-01-28 21:00:00,112.75,137.78,38.78,1.01,32.98,60.53,5.25,High
2023-01-28 22:00:00,117.38,167.87,45.22,0.42,21.05,69.78,8.03,High
2023-01-28 23:00:00,17.8,95.61,32.69,1.31,28.79,35.53,5.76,Low
2023-01-29 00:00:00,69.72,114.64,29.86,0.86,22.51,67.2,4.25,Moderate
2023-01-29 01:00:00,68.86,120.59,40.51,1.29,20.62,44.17,4.0,Moderate
2023-01-29 02:00:00,37.77,88.6,23.69,0.58,24.3,72.34,4.66,Moderate
2023-01-29 03:00:00,56.67,145.93,23.71,1.35,33.96,45.56,8.27,Moderate
2023-01-29 04:00:00,46.68,115.16,50.19,1.03,32.75,70.39,4.63,Moderate
2023-01-29 05:00:00,132.57,136.78,22.77,0.97,29.22,76.59,4.96,High
2023-01-29 06:00:00,108.07,84.5,49.99,0.87,20.34,72.92,4.04,High
2023-01-29 07:00:00,118.15,102.5,46.94,0.73,27.02,63.77,7.2,High
2023-01-29 08:00:00,101.65,148.9,14.11,1.16,29.51,56.53,8.92,High
2023-01-29 09:00:00,46.13,105.09,29.84,0.84,28.88,51.35,5.9,Moderate
2023-01-29 10:00:00,64.26,189.08,57.91,0.21,18.78,82.07,5.17,Moderate
2023-01-29 11:00:00,94.68,104.01,25.28,0.46,23.55,49.51,5.07,High
2023-01-29 12:00:00,43.34,128.99,33.03,0.74,27.68,44.44,0.5,Moderate
2023-01-29 13:00:00,101.39,157.3,46.93,0.89,30.68,69.98,6.49,High
2023-01-29 14:00:00,72.79,63.27,51.75,0.78,17.02,48.06,5.27,Moderate
2023-01-29 15:00:00,68.76,49.57,36.23,1.17,27.19,45.75,5.86,Moderate
2023-01-29 16:00:00,101.33,58.97,31.04,0.21,28.72,38.35,3.58,High
2023-01-29 17:00:00,93.33,170.5,61.34,0.84,32.25,52.76,4.23,High
2023-01-29 18:00:00,69.17,97.93,66.08,0.25,31.46,58.76,4.18,Moderate
2023-01-29 19:00:00,114.78,222.33,54.68,1.03,30.91,63.65,7.04,High
2023-01-29 20:00:00,47.57,97.43,41.28,0.77,24.0,74.27,4.24,Moderate
2023-01-29 21:00:00,98.48,127.38,27.88,0.93,18.46,67.9,9.17,High
2023-01-29 22:00:00,97.79,181.68,27.54,0.54,26.03,57.14,5.86,High
2023-01-29 23:00:00,70.71,200.24,47.84,1.18,33.01,57.03,2.45,Moderate
2023-01-30 00:00:00,89.78,202.46,46.28,1.11,34.97,67.65,4.74,Moderate
2023-01-30 01:00:00,42.47,168.33,61.02,0.98,31.55,79.09,3.7,Moderate
2023-01-30 02:00:00,107.72,160.96,49.76,0.76,30.15,61.89,0.61,High
2023-01-30 03:00:00,74.45,143.7,17.45,0.97,29.9,52.96,8.2,Moderate
2023-01-30 04:00:00,64.32,151.13,55.78,0.59,25.22,45.11,6.41,Moderate
2023-01-30 05:00:00,111.47,97.95,25.03,1.06,27.35,38.32,6.07,High
2023-01-30 06:00:00,58.87,87.27,34.24,1.29,36.35,69.99,5.33,Moderate
2023-01-30 07:00:00,37.75,119.87,43.75,1.12,23.29,68.67,2.24,Moderate
2023-01-30 08:00:00,33.3,113.19,69.94,0.58,36.07,68.66,4.03,Low
2023-01-30 09:00:00,98.18,101.87,86.65,0.91,26.39,58.07,6.68,High
2023-01-30 10:00:00,41.59,147.86,49.1,0.41,34.63,81.1,2.9,Moderate
2023-01-30 11:00:00,132.64,158.21,37.25,0.97,20.97,52.74,0.5,High
2023-01-30 12:00:00,17.54,123.54,48.02,0.94,30.93,74.33,4.55,Low
2023-01-30 13:00:00,130.89,179.1,53.31,0.24,24.32,59.42,4.72,High
2023-01-30 14:00:00,86.33,74.33,35.19,0.45,20.92,50.87,5.27,Moderate
2023-01-30 15:00:00,77.1,112.25,66.93,0.72,29.09,68.89,6.46,Moderate
2023-01-30 16:00:00,63.65,91.33,43.45,0.71,33.05,66.14,6.28,Moderate
2023-01-30 17:00:00,91.97,45.34,47.47,0.44,23.78,65.35,5.52,High
2023-01-30 18:00:00,78.87,116.69,49.99,0.92,20.5,61.22,7.39,Moderate
2023-01-30 19:00:00,113.1,115.13,46.32,0.88,27.54,59.43,1.96,High
2023-01-30 20:00:00,83.43,180.54,52.58,0.74,27.56,95.83,6.01,Moderate
2023-01-30 21:00:00,84.51,145.23,30.74,0.57,30.74,77.76,6.25,Moderate
2023-01-30 22:00:00,69.09,79.03,31.63,1.11,32.75,70.84,2.52,Moderate
2023-01-30 23:00:00,78.29,194.16,23.5,1.3,27.7,61.68,1.99,Moderate
2023-01-31 00:00:00,89.23,168.84,46.59,0.65,37.28,75.11,3.51,Moderate
2023-01-31 01:00:00,28.69,143.28,51.68,0.62,29.12,67.77,3.68,Low
2023-01-31 02:00:00,39.55,110.94,46.87,0.95,26.27,60.39,6.51,Moderate
2023-01-31 03:00:00,102.3,81.62,65.12,0.69,19.94,55.45,3.77,High
2023-01-31 04:00:00,85.13,105.11,39.92,0.76,26.69,58.79,3.29,Moderate
2023-01-31 05:00:00,74.48,163.55,50.03,1.02,26.32,12.44,3.78,Moderate
2023-01-31 06:00:00,80.55,195.38,23.62,0.23,32.8,63.16,7.24,Moderate
2023-01-31 07:00:00,90.43,181.73,34.19,1.2,30.31,52.67,5.03,High
2023-01-31 08:00:00,63.81,100.45,50.43,0.82,22.1,83.89,4.64,Moderate
2023-01-31 09:00:00,56.65,75.22,52.74,0.68,28.86,60.29,4.78,Moderate
2023-01-31 10:00:00,85.88,125.64,35.59,0.77,31.36,42.17,7.58,Moderate
2023-01-31 11:00:00,50.65,49.26,38.93,0.79,35.64,59.25,3.5,Moderate
2023-01-31 12:00:00,92.25,132.93,17.23,0.28,32.44,44.31,7.63,High
2023-01-31 13:00:00,28.92,114.1,34.64,1.25,31.8,67.1,5.42,Low
2023-01-31 14:00:00,110.87,101.36,53.36,0.81,28.3,64.36,4.68,High
2023-01-31 15:00:00,94.18,56.21,48.63,0.93,29.94,74.37,10.0,High
2023-01-31 16:00:00,87.68,140.54,47.51,1.09,34.25,48.14,2.89,Moderate
2023-01-31 17:00:00,109.48,98.69,40.75,0.49,21.34,60.51,4.29,High
2023-01-31 18:00:00,129.96,73.2,40.11,0.94,26.25,39.52,2.54,High
2023-01-31 19:00:00,110.43,10.0,30.1,0.72,24.14,70.52,6.9,High
2023-01-31 20:00:00,24.77,118.9,50.48,1.05,29.9,67.78,8.38,Low
2023-01-31 21:00:00,41.61,190.89,46.31,0.16,34.15,67.44,8.34,Moderate
2023-01-31 22:00:00,61.26,186.45,47.38,0.77,25.02,60.02,7.45,Moderate
2023-01-31 23:00:00,80.78,101.72,32.11,0.62,16.05,66.22,4.6,Moderate
2023-02-01 00:00:00,95.53,95.91,7.7,0.93,25.94,84.07,4.27,High
2023-02-01 01:00:00,58.23,138.75,56.46,0.94,32.57,55.72,1.66,Moderate
2023-02-01 02:00:00,85.6,80.06,32.82,0.59,30.69,62.08,9.07,Moderate
2023-02-01 03:00:00,57.34,132.07,27.06,0.59,30.14,43.71,5.94,Moderate
2023-02-01 04:00:00,61.65,150.64,50.4,0.77,26.6,46.98,4.02,Moderate
2023-02-01 05:00:00,37.8,169.08,34.12,0.53,21.6,61.47,7.66,Moderate
2023-02-01 06:00:00,52.3,115.99,55.9,1.05,30.58,76.56,3.05,Moderate
2023-02-01 07:00:00,39.45,111.85,49.26,0.69,23.83,56.16,5.81,Moderate
2023-02-01 08:00:00,50.72,84.88,50.25,0.1,38.92,56.46,4.65,Moderate
2023-02-01 09:00:00,111.61,86.92,19.51,0.69,30.85,53.9,6.28,High
2023-02-01 10:00:00,51.52,110.94,58.18,0.49,25.1,51.98,4.87,Moderate
2023-02-01 11:00:00,158.97,134.69,43.92,0.31,24.94,64.42,2.1,High
2023-02-01 12:00:00,94.8,156.54,34.46,0.43,27.54,37.54,5.15,High
2023-02-01 13:00:00,85.55,87.87,42.15,0.83,26.8,79.21,7.1,Moderate
2023-02-01 14:00:00,54.25,179.71,13.36,1.2,33.58,50.02,4.94,Moderate
2023-02-01 15:00:00,101.01,109.16,46.13,0.89,28.93,70.83,6.55,High
2023-02-01 16:00:00,62.73,119.15,24.56,0.62,24.34,40.95,2.91,Moderate
2023-02-01 17:00:00,83.66,90.11,19.71,0.94,37.45,70.03,4.95,Moderate
2023-02-01 18:00:00,156.8,23.03,17.16,0.66,28.25,70.08,3.75,High
2023-02-01 19:00:00,77.12,155.36,56.69,0.59,31.84,65.76,6.49,Moderate
2023-02-01 20:00:00,114.48,149.47,30.56,0.45,24.96,45.08,5.06,High
2023-02-01 21:00:00,58.9,108.75,63.01,0.27,29.82,63.74,6.38,Moderate
2023-02-01 22:00:00,78.95,122.68,31.96,0.68,29.56,42.25,7.18,Moderate
2023-02-01 23:00:00,133.12,140.64,14.39,0.85,18.55,56.21,6.38,High
2023-02-02 00:00:00,61.19,57.5,23.25,0.77,38.08,75.44,5.55,Moderate
2023-02-02 01:00:00,134.37,98.84,58.54,0.68,34.45,71.95,3.0,High
2023-02-02 02:00:00,101.23,151.77,37.66,0.52,26.01,60.23,4.99,High
2023-02-02 03:00:00,63.13,69.83,31.78,0.98,22.49,45.38,3.93,Moderate
2023-02-02 04:00:00,98.97,131.74,42.4,0.4,29.74,69.68,4.31,High
2023-02-02 05:00:00,109.18,65.74,47.53,1.03,28.43,60.29,4.25,High
2023-02-02 06:00:00,98.65,138.66,56.76,0.5,29.78,25.2,3.04,High
2023-02-02 07:00:00,32.89,118.57,61.73,0.57,28.96,71.74,1.09,Low
2023-02-02 08:00:00,58.19,55.39,34.6,0.36,30.53,59.64,3.66,Moderate
2023-02-02 09:00:00,72.57,166.59,20.11,0.65,35.24,78.04,5.39,Moderate
2023-02-02 10:00:00,77.77,90.62,33.8,1.09,30.84,43.57,2.3,Moderate
2023-02-02 11:00:00,98.62,87.59,43.9,0.95,22.75,12.35,5.03,High
2023-02-02 12:00:00,85.33,128.02,25.54,1.09,34.81,64.19,8.8,Moderate
2023-02-02 13:00:00,39.94,165.95,25.64,0.96,36.2,64.37,7.05,Moderate
2023-02-02 14:00:00,91.41,79.37,45.16,0.47,43.76,34.64,8.29,High
2023-02-02 15:00:00,98.32,122.47,39.27,0.7,22.38,45.32,5.78,High
2023-02-02 16:00:00,96.79,137.15,40.49,0.57,29.21,100.0,7.34,High
2023-02-02 17:00:00,112.42,147.72,28.62,1.2,17.59,55.42,3.55,High
2023-02-02 18:00:00,105.02,127.06,36.54,0.44,30.77,70.96,3.71,High
2023-02-02 19:00:00,93.78,105.32,26.14,1.07,25.26,50.24,0.5,High
2023-02-02 20:00:00,77.9,86.9,53.35,1.07,37.62,28.65,7.37,Moderate
2023-02-02 21:00:00,30.17,123.45,55.53,1.35,24.13,57.45,8.08,Low
2023-02-02 22:00:00,92.89,77.11,12.31,0.68,19.55,56.02,3.89,High
2023-02-02 23:00:00,86.23,10.0,26.06,1.01,25.64,54.0,4.49,Moderate
2023-02-03 00:00:00,88.15,137.46,17.55,1.48,18.12,58.28,3.49,Moderate
2023-02-03 01:00:00,41.7,156.16,30.25,0.61,31.76,63.96,5.77,Moderate
2023-02-03 02:00:00,47.57,25.48,38.75,0.34,17.67,57.75,7.25,Moderate
2023-02-03 03:00:00,111.59,79.61,18.26,0.24,28.14,41.04,1.51,High
2023-02-03 04:00:00,78.81,144.77,26.17,1.01,17.61,67.29,5.82,Moderate
2023-02-03 05:00:00,100.45,202.3,24.94,0.24,26.4,30.76,4.45,High
2023-02-03 06:00:00,80.85,120.83,43.11,0.69,36.22,29.24,5.23,Moderate
2023-02-03 07:00:00,80.89,90.88,41.04,0.93,29.8,71.09,5.92,Moderate
